id,group_label,label,ono_cd,ee
AF,AAO,Afghanistan,AAO-AF,AAO-AF
AL,WAO,Albania,WAO-AL,WAO-AL
DZ,OXX,Algeria,OXX-DZ,OXX-DZ
AO,BAF,Angola,BAF-AO,BAF-AO
AI,BCA,Anguilla,BCA-AI,BCA
AR,WAO,Argentina,WAO-AR,WAO-L
AM,WAO,Armenia,WAO-AM,WAO-AM
AU,WAO,Australia,WAO-AU,WAO
AT,WAO,Austria,WAO-AT,WAO
AZ,WAO,Azerbaijan,WAO-AZ,WAO
BS,BCA,Bahamas,BCA-BS,BCA
BH,AAO,Bahrain,AAO-BH,AAO-A
BD,ABD,Bangladesh,ABD-BD,ABD
BY,WAO,Belarus,WAO-BY,WAO
BE,WAO,Belgium,WAO-BE,WAO-BE
BZ,OXX,Belize,OXX-BZ,OXX
BJ,BAF,Benin,BAF-BJ,BAF
BT,AAO,Bhutan,AAO-BT,AAO
BO,WAO,Bolivia,WAO-BO,WAO-L
BA,WAO,Bosnia and Herzegovina,WAO-BA,WAO-BA
BW,BAF,Botswana,BAF-BW,BAF
BR,WAO,Brazil,WAO-BR,WAO-BR
VG,BCA,British Virgin Islands,BCA-VG,BCA
BG,WAO,Bulgaria,WAO-BG,WAO-BG
BF,BAF,Burkina Faso,BAF-BF,BAF
MM,AAO,Burma,AAO-MM,AAO-MM
KH,AAO,Cambodia,AAO-KH,AAO
CM,BAF,Cameroon,BAF-CM,BAF
CA,WAO,Canada,WAO-CA,WAO
KY,OXX,Cayman Islands,OXX-KY,OXX
CF,BAF,Central African Republic,BAF-CF,BAF
TD,BAF,Chad,BAF-TD,BAF
CL,WAO,Chile,WAO-CL,WAO-L
CN,ACN,China,ACN-CN,ACN
CO,WAO,Colombia,WAO-CO,WAO-L
CK,AAO,Cook Islands,AAO-CK,AAO
CR,WAO,Costa Rica,WAO-CR,WAO-L
HR,WAO,Croatia,WAO-HR,WAO-HR
CU,WAO,Cuba,WAO-CU,WAO-L
CZ,WAO,Czech Republic,WAO-CZ,WAO-CZ
CD,BAF,Democratic Republic of the Congo,BAF-CD,BAF-CD
DK,WAO,Denmark,WAO-DK,WAO-DK
EC,WAO,Ecuador,WAO-EC,WAO-L
EG,OXX,Egypt,OXX-EG,OXX
SV,WAO,El Salvador,WAO-SV,WAO-L
EE,WAO,Estonia,WAO-EE,WAO
ET,BAF,Ethiopia,BAF-ET,BAF-ET
FK,WBR,Falkland Islands,WBR-FK,WBR
FJ,AAO,Fiji,AAO-FJ,AAO
FI,WAO,Finland,WAO-FI,WAO-FI
FR,WAO,France,WAO-FR,WAO-FR
GA,BAF,Gabon,BAF-GA,BAF
GM,BAF,Gambia,BAF-GM,BAF
GE,WAO,Georgia,WAO-GE,WAO
DE,WAO,Germany,WAO-DE,WAO-DE
GH,BAF,Ghana,BAF-GH,BAF-GH
GR,WAO,Greece,WAO-GR,WAO-GR
GL,WAO,Greenland,WAO-GL,WAO
GD,BCA,Grenada,BCA-GD,BCA
GT,OXX,Guatemala,OXX-GT,OXX
GN,BAF,Guinea,BAF-GN,BAF
GY,OXX,Guyana,OXX-GY,OXX
HT,BCA,Haiti,BCA-HT,BCA
HN,WAO,Honduras,WAO-HN,WAO-L
HK,ACN,Hong Kong,ACN-HK,ACN-HK
HU,WAO,Hungary,WAO-HU,WAO-HU
IS,WAO,Iceland,WAO-IS,WAO
IN,AIN,India,AIN-IN,AIN
ID,AAO,Indonesia,AAO-ID,AAO
IR,AAO,Iran,AAO-IR,AAO-IR
IQ,AAO,Iraq,AAO-IQ,AAO-A
IE,WIR,Ireland,WIR-IE,WIR
IL,WAO,Israel,WAO-IL,WAO
IT,WAO,Italy,WAO-IT,WAO-IT
CI,BAF,Ivory Coast,BAF-CI,BAF
JM,BCA,Jamaica,BCA-JM,BCA
JP,AAO,Japan,AAO-JP,AAO-JP
JO,AAO,Jordan,AAO-JO,AAO-A
KZ,OXX,Kazakhstan,OXX-KZ,OXX
KE,BAF,Kenya,BAF-KE,BAF-KE
XK,WAO,Kosovo,WAO-XK,WAO
KW,AAO,Kuwait,AAO-KW,AAO-A
KG,OXX,Kyrgyzstan,OXX-KG,OXX
LA,AAO,Laos,AAO-LA,AAO
LV,WAO,Latvia,WAO-LV,WAO-LV
LS,BAF,Lesotho,BAF-LS,BAF
LY,OXX,Libya,OXX-LY,OXX
LT,WAO,Lithuania,WAO-LT,WAO-LT
LU,WAO,Luxembourg,WAO-LU,WAO
MG,OXX,Madagascar,OXX-MG,OXX
MW,BAF,Malawi,BAF-MW,BAF
MY,AAO,Malaysia,AAO-MY,AAO
MV,AAO,Maldives,AAO-MV,AAO
ML,BAF,Mali,BAF-ML,BAF
MT,WAO,Malta,WAO-MT,WAO-MT
MH,AAO,Marshall Islands,AAO-MH,AAO
MR,AAO,Mauritania,AAO-MR,AAO-MR
MU,AAO,Mauritius,AAO-MU,AAO
MX,WAO,Mexico,WAO-MX,WAO-L
MD,WAO,Moldova,WAO-MD,WAO
MN,AAO,Mongolia,AAO-MN,AAO
ME,WAO,Montenegro,WAO-ME,WAO
MA,OXX,Morocco,OXX-MA,OXX-MA
MZ,BAF,Mozambique,BAF-MZ,BAF
NA,BAF,Namibia,BAF-NA,BAF
NR,OXX,Nauru,OXX-NR,OXX
NP,AAO,Nepal,AAO-NP,AAO
NL,WAO,Netherlands,WAO-NL,WAO-NL
NZ,WAO,New Zealand,WAO-NZ,WAO
NI,WAO,Nicaragua,WAO-NI,WAO-L
NE,BAF,Niger,BAF-NE,BAF
NG,BAF,Nigeria,BAF-NG,BAF-NG
NO,WAO,Norway,WAO-NO,WAO-NO
OM,AAO,Oman,AAO-OM,AAO-A
PK,APK,Pakistan,APK-PK,APK
PA,WAO,Panama,WAO-PA,WAO-L
PG,AAO,Papua New Guinea,AAO-PG,AAO
PY,WAO,Paraguay,WAO-PY,WAO-L
PE,OXX,Peru,OXX-PE,OXX
PH,AAO,Philippines,AAO-PH,AAO-PH
PN,OXX,Pitcairn Islands,OXX-PN,OXX
PL,WAO,Poland,WAO-PL,WAO-PL
PT,WAO,Portugal,WAO-PT,WAO-PT
QA,AAO,Qatar,AAO-QA,AAO-A
RO,WAO,Romania,WAO-RO,WAO-RO
RU,WAO,Russia,WAO-RU,WAO-RU
RW,BAF,Rwanda,BAF-RW,BAF
KN,BCA,Saint Kitts and Nevis,BCA-KN,BCA
LC,BCA,Saint Lucia,BCA-LC,BCA
VC,BCA,Saint Vincent and the Grenadines,BCA-VC,BCA
SA,AAO,Saudi Arabia,AAO-SA,AAO-A
SN,BAF,Senegal,BAF-SN,BAF
RS,WAO,Serbia,WAO-RS,WAO-RS
SL,BAF,Sierra Leone,BAF-SL,BAF-SL
SG,AAO,Singapore,AAO-SG,AAO
SK,WAO,Slovakia,WAO-SK,WAO-SK
SI,WAO,Slovenia,WAO-SI,WAO-SI
SO,BAF,Somalia,BAF-SO,BAF-SO
ZA,BAF,South Africa,BAF-ZA,BAF
KR,AAO,South Korea,AAO-KR,AAO-KR
SS,BAF,South Sudan,BAF-SS,BAF
ES,WAO,Spain,WAO-ES,WAO-ES
LK,AAO,Sri Lanka,AAO-LK,AAO-LK
SD,BAF,Sudan,BAF-SD,BAF
SR,OXX,Suriname,OXX-SR,OXX
SE,WAO,Sweden,WAO-SE,WAO-SE
CH,WAO,Switzerland,WAO-CH,WAO
SY,AAO,Syria,AAO-SY,AAO-A
TW,ACN,Taiwan,ACN-TW,ACN
TJ,AAO,Tajikistan,AAO-TJ,AAO
TZ,BAF,Tanzania,BAF-TZ,BAF
TH,AAO,Thailand,AAO-TH,AAO
TL,OXX,Timor-Leste,OXX-TL,OXX
TG,BAF,Togo,BAF-TG,BAF
TT,BCA,Trinidad and Tobago,BCA-TT,BCA
TN,OXX,Tunisia,OXX-TN,OXX
TR,WAO,Turkey,WAO-TR,WAO-TR
TM,AAO,Turkmenistan,AAO-TM,AAO
TC,BCA,Turks and Caicos Islands,BCA-TC,BCA
UG,BAF,Uganda,BAF-UG,BAF-UG
UA,WAO,Ukraine,WAO-UA,WAO-UA
AE,AAO,United Arab Emirates,AAO-AE,AAO-A
GB,WBR,United Kingdom,WBR-GB,WBR
US,WAO,United States,WAO-US,WAO
UY,WAO,Uruguay,WAO-UY,WAO-L
UZ,AAO,Uzbekistan,AAO-UZ,AAO
VE,WAO,Venezuela,WAO-VE,WAO-L
VN,AAO,Vietnam,AAO-VN,AAO-VN
VI,BCA,Virgin Islands,BCA-VI,BCA
YE,AAO,Yemen,AAO-YE,AAO-A
ZM,BAF,Zambia,BAF-ZM,BAF-ZM
ZW,BAF,Zimbabwe,BAF-ZW,BAF-ZW