Supergroup,A,Professional Employment and Family Lifecycles,"These neighbourhoods house people of all ages, predominantly of White British or European extraction. Resident turnover is low. Religious affiliation is less common than average and tends to be Christian if expressed. Homeownership, typically of terraced houses, is common but use of the social rented sector is not. Employment is typically in professional, managerial and associate professional or technical occupations. There are few full-time students. Level 4 qualifications are common. More households lack dependent children than have them which, considered alongside low levels of crowding and over-all age structure, indicates that many households may be post child-rearing and in late middle age. Incidence of disability is low, as is residence in communal establishments."
Supergroup,B,The Greater London Mix,"A Supergroup embodying London's diversity in many respects, apart from low numbers of residents identifying as of Bangladeshi, Indian, Pakistani or Other (non-Chinese) Asian ethnicity. There is lower than average prevalence of families with dependent children, while there are above average occurrences of never-married individuals and single-person households. The age distribution is skewed towards younger, single residents and couples without children, with many individuals identifying as of mixed or multiple ethnicity. Social rented or private rented housing is slightly more prevalent than average, and many residents live in flats. Individuals typically work in professional and associated roles in public administration, education or health rather than in elementary occupations in agriculture, energy, water, construction or manufacturing. Incidence of students is slightly below average. Individuals declaring no religion are more prevalent than average and non-use of English at home is below average."
Supergroup,C,Suburban Asian Communities,"Many residents of these neighbourhoods are of (non-Chinese) Asian descent, with many identifying as Indian, Pakistani or Bangladeshi. Neighbourhoods are located across large areas of suburban west, north-east and south London. Detached, semi-detached and terraced houses are more prevalent than flats and socially rented housing is uncommon. Few residents live in communal establishments. Many families have dependent children, sometimes in overcrowded accommodation, and few households are ethnically mixed. Marriage rates are above the London average. The even age distribution, relative absence of individuals living alone and frequent incidence of households with children suggests that multi-generation households may be relatively common. Employment is often in skilled trades, elementary, sales and customer service occupations, and roles as process, plant, and machine operatives. Manufacturing and construction are well represented, along with employment in distribution, hotels, and restaurants. Many adults have only level 1, 2, or apprenticeship qualifications. English is not used at home by some residents. Religious affiliation is above average."
Supergroup,D,Central Connected Professionals and Managers,"Adult residents of these neighbourhoods are typically aged 25 to 44, working full-time in professional, managerial or associate professional occupations. There are few families with dependent children. The predominantly Inner London neighbourhoods have an international character, including many residents born elsewhere in Europe alongside high numbers of individuals identifying as of Chinese ethnicity. Many individuals are never married, childless and/or living alone. Above average numbers of individuals, likely to be full-time students, live in communal establishments. Elsewhere, privately rented flats are the dominant housing type. Residents of these areas are well-qualified, with a significant number holding Level 4 or above qualifications. There is a correspondingly high level of individuals employed full-time in professional, managerial and associated professional or technical occupations. Employing industries are financial, real estate, professional, administration, and, to a lesser degree, transport and communications. Unemployment is uncommon."
Supergroup,E,Social Rented Sector Families with Children,"Residents of these neighbourhoods include sizable numbers identifying with ethnicities originating outside Europe, particularly in Africa or Bangladesh. The proportion of residents identifying as White, Indian or Pakistani is well below the London average. Neighbourhood age profiles are skewed towards younger adults, and above average numbers of families have children. Rates of use of English at home are below average. Marriage rates are low, and levels of separation or divorce are above average. Housing is predominantly in flats, and renting in the social rented sector the norm - few residents are owner occupiers. Housing is often overcrowded, and neighbourhoods are amongst the most densely populated in London. Disability rates are above average, although levels of unpaid care provision are about average. Employment is in caring, leisure, other service occupations, sales and customer service, or process, plant, and machine operation. Part time working and full-time student study are common. Levels of unemployment are slightly above average. Most residents have only Level 1 or 2 educational qualifications or have completed apprenticeships."
Supergroup,F,Young Families and Mainstream Employment,"Many families in these neighbourhoods have young children. Housing is principally in the social rented sector, in terraced or semi-detached units. While over-all residential densities are low, overcrowding is also prevalent locally. Residents are drawn from a range of ethnic minorities, with many identifying as Black and above average numbers born in Africa. Numbers identifying as of Chinese, Indian or White ethnicity are below average. Levels of proficiency in English are below average. Levels of separation or divorce and incidence of disability are both above average. Education is typically limited to Level 1, 2, or apprenticeship qualifications. Few residents work in professional or managerial occupations but the employment structure is otherwise diverse: it includes skilled trades, caring, leisure and other service occupations, sales and customer service occupations, construction, and work as process, plant, and machine operatives."
Supergroup,G,Older Residents in Owner-Occupied Suburbs,"The age distribution of these neighbourhoods is skewed towards the middle-aged and old, although few residents live alone or in communal establishments and numbers of dependent children are around average. Owner occupation is the norm, as is residence in detached or semi-detached houses. Residential densities are low and many households have spare rooms. Most residents were born in the UK and, aside from some identifying as members of Chinese or Indian ethnicities, identify as White. Mixed ethnicity households are rare. Incidence of married couples is higher than average and few individuals have never been married. A large proportion of individuals still in employment work in administrative and secretarial occupations, or in the construction industry. Few residents are students, and many households own more than one car."
Group,A1,Established Homeowners with Children,"These predominantly British-born residents are typically married/in civil partnerships and own the properties in which they are raising their children. Parents are typically over 45, and many other residents are beyond normal retirement age. Detached and semi-detached houses predominate and multiple car ownership is common."
Group,A2,Inner London Working Professionals,"These primarily Inner London neighbourhoods are more densely populated than the Supergroup average. Residents have a younger over-all age profile than the Supergroup as a whole, and are less likely to be owner occupiers. Full time employment is more common than elsewhere in the Supergroup and multiple car ownership is uncommon. Chinese and non-EU-born European migrants are less in evidence than elsewhere in the Supergroup."
Group,A3,European Enclaves,"Many residents of these accessible neighbourhoods have wide-ranging non-UK European origins. Typically residing in privately rented flats, many residents live alone and are beyond normal retirement age. There are more students than elsewhere in the Supergroup, some of which live in communal establishments. Household residents are often drawn from different ethnic groups."
Group,B1,Social Rented Sector Professional Support Workers ,"Mainly located in Inner London, these neighbourhoods retain a diverse employment structure, with some concentration in associated professional and technical occupations rather than skilled trades or construction. Social renting is more common and levels of homeownership are low. Many residents identify as Black. There is a lower than average rate of marriage or civil partnership, few that are very old (85 or over) and higher than average incidence of disability."
Group,B2,Skilled Trades and Construction Workers ,"These scattered, peripheral and often low residential density neighbourhoods house more workers in skilled trades and construction. Few households rent social housing and there are few students. Multiple car ownership is higher than the Supergroup average, perhaps because of poorer public transport connectivity. Incidence of mixed or multiple ethnicity is below the Supergroup average, and the absence of individuals identifying as Pakistani or Other Asian groups is also less pronounced. Flatted accommodation is less dominant than elsewhere in the Supergroup."
Group,C1,Young Asian Family Terraces,"These households with dependent children typically live in terraced housing and are of (non-Chinese) Asian extraction. Individuals with Bangladeshi origins are particularly in evidence. Employment is often in elementary occupations or as process, plant or machine operatives, and part-time work is common. Students are much in evidence."
Group,C2,Settled Semi-Detached Asians,"These residents share Supergroup characteristics of large (non-Chinese) Asian populations but those identifying as Bangladeshi are notably absent. Many residents were born in the UK, while other more recent migrants have African birthplaces. Semi-detached housing, much of it owner occupied, prevails in these suburban residential locations."
Group,D1,City Support Workers ,"Scattered throughout Inner London, these areas house relatively few workers in the most senior roles within organisations, and greater prevalence of administrative roles relative to the Supergroup mean. Residents are less likely to be of Chinese ethnicity and are more likely to have been born in Africa. Relative to the Supergroup average, residents are also more likely to live in social housing and live in overcrowded conditions."
Group,D2,Central and City,"These high density central neighbourhoods are characterised by high levels of residential turnover. Few children are in evidence. Few individuals experience live with disability, with many in full-time employment or study. Levels of separation or divorce are low relative to the Supergroup average. The workforce is well-educated but not in the top flight of managerial occupations. Levels of affiliation to non-Christian religions are high."
Group,D3,Senior Professionals,"These very central neighbourhoods house residents whose ages are more skewed towards older age cohorts than elsewhere in the Supergroup. Few households have young children. Rates of illness are low. Indian ethnicity is rare compared to the Supergroup mean. Property under occupation is more common, despite the centrality of neighbourhoods, and more residents live in communal establishments than elsewhere in the Supergroup."
Group,E1,Challenged Inner London Communities ,"Resident in some of Inner London’s most over-crowded communities, many families have children and marriage/civil partnership rates are above the Supergroup average. Other adults such as students live in communal establishments. Few residents have Level 4 educational qualifications, levels of unemployment are above the Supergroup average, and employment is concentrated in service occupations such as distribution, hotels and restaurants. Relative to the Supergroup average, fewer residents identify as being of mixed/multiple ethnicities, Black or Other Asian."
Group,E2,Social Rented Sector Pockets,"Found in pockets across London, residents are less likely to live in private sector rentals and fewer adults are students. Fewer individuals work in transport and communications occupations relative to the Supergroup average. More individuals identify as Black and were born in Africa."
Group,F1,Terraced and Semi-Detached Suburbs ,"Mainly concentrated in suburban areas, these terraced and semi-detached developments are less overcrowded than the Supergroup average, and resident households are more likely to own two or more cars. There are fewer residents aged 25-44, and a larger share of residents employed in administrative and secretarial occupations. Residents are more likely to have been born in the UK, less likely to have been born in the EU or Africa, and much less likely to self-identify as Bangladeshi."
Group,F2,Social Rented Sector and Diverse Origins ,"Scattered across London’s Inner and Outer suburbs, residents of these neighbourhoods are typically housed in the social rented sector. Although terraced and semi-detached houses predominate, more residents live in flats than elsewhere in the Supergroup. Neighbourhoods are more ethnically diverse than the Supergroup average. Those identifying as of Bangladeshi, Pakistani and some Black ethnicities are more prevalent. Europeans born in a overseas non-EU countries make up more of the lower proportion of residents identifying as White. Few residents are very old (85+). Employment in distribution, hotels and restaurants is more common than elsewhere in the Supergroup."
Group,G1,Professional Periphery,"These neighbourhoods predominantly house residents aged 45+, with many aged 85+. Most employed residents work in senior roles, and relatively few work in unskilled jobs. Terraced housing is comparatively rare, but communal living is more common. More residents identify as of Indian ethnicity and more affiliate with non-Christian religions. Disability levels are below the Supergroup average."
Group,G2,London Fringe ,"Predominantly located in neighbourhoods on the outskirts of Greater London, residents of these neighbourhoods typically have their highest qualifications below degree (Level 4) level, with those still in work engaged in skilled trades and occupations in distribution, hotels and restaurants. There is low ethnic diversity in these neighbourhoods and high levels of Christian religious affiliation. Detached or terraced houses predominate, often with spare rooms."